课程名称,课程类别,讲师,课程级别,学习人数,评分,价格,用时,课程链接
玩转MongoDB4.0（最新版） 从入门到实践,前端开发,Stannum,入门,7,10.00分,"
									原价￥288.00
								",13小时,https://coding.imooc.com//class/324.html
Node.js 从零开发 web server博客项目  前端晋升全栈工程师必备,前端开发,双越,中级,402,9.93分,"
								￥288.00
							",16小时,https://coding.imooc.com//class/320.html
React16+Redux 实战企业级大众点评WebApp,前端开发,艾特老干部,中级,238,9.93分,"
								￥299.00
							",18小时,https://coding.imooc.com//class/313.html
React16 组件化+测试+全流程 实战在线账本项目,前端开发,张轩_Viking,中级,202,10.00分,"
								￥266.00
							",12小时,https://coding.imooc.com//class/302.html
JavaScript版 数据结构与算法,前端开发,快乐动起来呀,中级,992,9.88分,"
								￥266.00
							",14小时,https://coding.imooc.com//class/315.html
React 源码深度解析  高级前端工程师必备技能,前端开发,Jokcy,高级,536,10.00分,"
								￥466.00
							",20小时,https://coding.imooc.com//class/309.html
掌握Taro多端框架 快速上手小程序/H5开发,前端开发,水若寒宇,中级,183,10.00分,"
								￥266.00
							",14小时30分钟,https://coding.imooc.com//class/306.html
商业级支付宝小程序入门与实战,前端开发,风间影月,初级,135,9.83分,"
								￥299.00
							",18小时,https://coding.imooc.com//class/293.html
从基础到实战 手把手带你掌握新版Webpack4.0,前端开发,DellLee,中级,791,10.00分,"
								￥299.00
							",17小时,https://coding.imooc.com//class/316.html
three.js-打造微信爆款小游戏跳一跳,前端开发,千迦,高级,289,10.00分,"
								￥366.00
							",15小时,https://coding.imooc.com//class/282.html
Django2.0+小程序技术打造微信小程序助手,前端开发,咚咚呛,中级,247,10.00分,"
								￥266.00
							",13小时,https://coding.imooc.com//class/311.html
HTTP协议原理+实践 Web开发工程师必学,前端开发,Jokcy,中级,2224,9.84分,"
								￥99.00
							", 5小时,https://coding.imooc.com//class/225.html
Vue 2.0开发企业级移动端音乐Web APP,前端开发,ustbhuangyi,高级,4076,9.91分,"
								￥399.00
							",20小时,https://coding.imooc.com//class/107.html
真实数据对接 从0开发前后端分离的企业级上线项目,前端开发,Rosen,中级,3309,9.91分,"
								￥299.00
							",20小时,https://coding.imooc.com//class/109.html
React16+React-Router4 从零打造企业级电商后台管理系统,前端开发,Rosen,中级,602,9.95分,"
								￥348.00
							",16小时,https://coding.imooc.com//class/179.html
Vue全家桶+SSR+Koa2全栈开发美团网,前端开发,快乐动起来呀,中级,1355,9.92分,"
								￥388.00
							",17小时,https://coding.imooc.com//class/280.html
Angular 4.0从入门到实战 打造股票管理网站,前端开发,JoJozhai,中级,2625,9.75分,"
								￥199.00
							",14小时,https://coding.imooc.com//class/94.html
前端面试项目冲刺，京东金融Vue组件化实战,前端开发,铁狮子,中级,736,9.92分,"
								￥299.00
							",14小时,https://coding.imooc.com//class/175.html
纯正商业级应用-微信小程序开发实战,前端开发,7七月,中级,2032,9.81分,"
								￥366.00
							",18小时20分钟,https://coding.imooc.com//class/251.html
Get全栈技能点 Vue2.0 / Node.js / MongoDB 打造商城系统,前端开发,河畔一角,中级,2061,9.81分,"
								￥348.00
							",18小时,https://coding.imooc.com//class/113.html
前端跳槽面试必备技巧,前端开发,快乐动起来呀,中级,3537,9.94分,"
								￥266.00
							",14小时,https://coding.imooc.com//class/129.html
全网首发mpvue课程小程序全栈开发,前端开发,蜗牛老湿,中级,1350,9.36分,"
								￥266.00
							",13小时,https://coding.imooc.com//class/218.html
ES6零基础教学 解析彩票项目,前端开发,快乐动起来呀,中级,2233,9.46分,"
								￥188.00
							",12小时 7分钟,https://coding.imooc.com//class/98.html
SpringBoot 仿抖音短视频小程序开发 全栈式实战项目,前端开发,风间影月,中级,1203,10.00分,"
								￥348.00
							",17小时,https://coding.imooc.com//class/217.html
Python flask构建微信小程序订餐系统,前端开发,编程浪子,中级,497,8.59分,"
								￥348.00
							",17小时,https://coding.imooc.com//class/265.html
Vue.js 源码全方位深入解析 ,前端开发,ustbhuangyi,高级,1828,9.67分,"
								￥488.00
							",22小时,https://coding.imooc.com//class/228.html
React全栈+服务器渲染（ssr）打造社区Webapp,前端开发,Jokcy,高级,681,10.00分,"
								￥348.00
							",14小时,https://coding.imooc.com//class/161.html
全面系统讲解CSS 工作应用+面试一步搞定,前端开发,TooooBug,初级,1069,9.82分,"
								￥149.00
							",11小时,https://coding.imooc.com//class/164.html
微信小程序商城构建全栈应用,前端开发,7七月,中级,3235,9.93分,"
								￥388.00
							",23小时39分钟,https://coding.imooc.com//class/97.html
Vue.js 2.5 + cube-ui 重构饿了么 App,前端开发,ustbhuangyi,中级,7693,9.75分,"
								￥198.00
							",25小时,https://coding.imooc.com//class/74.html
Node.js入门到企业Web开发中的应用,前端开发,Samaritan89,初级,1242,9.75分,"
								￥199.00
							",11小时,https://coding.imooc.com//class/146.html
Javascript 设计模式系统讲解与应用,前端开发,双越,中级,755,9.84分,"
								￥288.00
							",11小时,https://coding.imooc.com//class/255.html
Vue核心技术 Vue+Vue-Router+Vuex+SSR实战精讲,前端开发,Jokcy,高级,1719,9.52分,"
								￥366.00
							",15小时,https://coding.imooc.com//class/196.html
腾讯大牛亲授 Web 前后端漏洞分析与防御技巧,前端开发,TooooBug,中级,624,9.92分,"
								￥199.00
							",11小时19分钟,https://coding.imooc.com//class/104.html
 Vue2.5开发去哪儿网App 从零基础入门到实战项目,前端开发,DellLee,中级,5098,9.98分,"
								￥266.00
							",15小时,https://coding.imooc.com//class/203.html
微信小游戏入门与实战 刷爆朋友圈,前端开发,傅猿猿,初级,2544,9.75分,"
								￥99.00
							", 5小时11分钟,https://coding.imooc.com//class/183.html
Angular JS 仿拉勾网 WebApp  开发移动端单页应用,前端开发,亚里士朱德,中级,1653,9.88分,"
								￥99.00
							", 7小时36分钟,https://coding.imooc.com//class/80.html
Vue2.5 实战微信读书   媲美原生App的企业级web书城,前端开发,Sam0519,中级,421,10.00分,"
								￥366.00
							",18小时,https://coding.imooc.com//class/285.html
React全家桶+AntD 共享单车后台管理系统开发,前端开发,河畔一角,中级,598,9.43分,"
								￥388.00
							",20小时,https://coding.imooc.com//class/236.html
移动Web APP开发之实战美团外卖,前端开发,吕小鸣,中级,209,10.00分,"
								￥299.00
							",16小时,https://coding.imooc.com//class/272.html
Koa2框架从0开始构建预告片网站,前端开发,Scott,中级,670,8.82分,"
								￥266.00
							",13小时,https://coding.imooc.com//class/178.html
快速上手Ionic3 多平台开发企业级问答社区,前端开发,ParryKK,中级,537,9.63分,"
								￥299.00
							",20小时,https://coding.imooc.com//class/163.html
React 服务器渲染原理解析与实践,前端开发,DellLee,高级,432,9.94分,"
								￥266.00
							",10小时,https://coding.imooc.com//class/276.html
开发微信全家桶项目Vue/Node/MongoDB高级技术栈全覆盖,前端开发,Scott,高级,975,8.29分,"
								￥448.00
							",24小时,https://coding.imooc.com//class/119.html
Web App用组件方式开发全站,前端开发,Lyn,高级,3095,9.88分,"
								￥78.00
							", 9小时,https://coding.imooc.com//class/15.html
微信小程序入门与实战 常用组件API开发技巧项目实战,前端开发,7七月,初级,16975,9.94分,"
								￥149.00
							",14小时39分钟,https://coding.imooc.com//class/75.html
让你页面速度飞起来 Web前端性能优化,前端开发,千迦,中级,701,9.76分,"
								￥188.00
							",12小时,https://coding.imooc.com//class/130.html
响应式开发一招致胜,前端开发,姜维_Wayne,初级,3728,9.78分,"
								￥128.00
							",10小时,https://coding.imooc.com//class/50.html
React 16.4 开发简书项目 从零基础入门到实战 ,前端开发,DellLee,中级,1698,9.94分,"
								￥299.00
							",17小时,https://coding.imooc.com//class/229.html
Angular 打造企业级协作平台,前端开发,接灰的电子产品_,高级,723,9.91分,"
								￥288.00
							",18小时,https://coding.imooc.com//class/123.html
Koa2 实现电影微信公众号前后端开发,前端开发,Scott,高级,167,8.57分,"
								￥288.00
							",15小时10分钟,https://coding.imooc.com//class/264.html
Nodejs + React 实战开发区块链慕课Dapp 专门为前端工程师设计,前端开发,蜗牛老湿,中级,147,10.00分,"
								￥348.00
							",15小时,https://coding.imooc.com//class/294.html
四大维度解锁 Webpack3.0 前端工程化,前端开发,qbaty,中级,1178,10.00分,"
								￥248.00
							",14小时,https://coding.imooc.com//class/171.html
前端跳槽必备 揭秘一线互联网公司高级前端JavaScript面试,前端开发,双越,高级,1148,9.62分,"
								￥366.00
							",16小时,https://coding.imooc.com//class/190.html
Node.js项目线上服务器部署与发布,前端开发,Scott,中级,1726,9.84分,"
								￥158.00
							", 7小时,https://coding.imooc.com//class/95.html
前端JavaScript面试技巧,前端开发,双越,初级,3664,9.84分,"
								￥149.00
							",11小时10分钟,https://coding.imooc.com//class/115.html
新一代大数据计算引擎  Flink从入门到实战,后端开发,Michael__PK,入门,74,10.00分,"
									原价￥388.00
								",15小时,https://coding.imooc.com//class/322.html
Python服务端工程师就业面试指导,后端开发,pegasuswang,中级,178,10.00分,"
								￥288.00
							",12小时25分钟,https://coding.imooc.com//class/318.html
玩转MongoDB4.0（最新版） 从入门到实践,后端开发,Stannum,入门,7,10.00分,"
									原价￥288.00
								",13小时,https://coding.imooc.com//class/324.html
从零起步 系统入门Python爬虫工程师,后端开发,bobby,中级,19,10.00分,"
									原价￥399.00
								",18小时,https://coding.imooc.com//class/325.html
剑指Java面试-Offer直通车,后端开发,xiangzepro,中级,2376,9.81分,"
								￥299.00
							",16小时16分钟,https://coding.imooc.com//class/303.html
Go实战仿百度云盘   实现企业级分布式云存储系统,后端开发,xiaomo,中级,104,10.00分,"
									原价￥348.00
								",13小时30分钟,https://coding.imooc.com//class/323.html
全方位深度剖析PHP7底层源码,后端开发,陈雷,高级,275,9.83分,"
								￥348.00
							",13小时30分钟,https://coding.imooc.com//class/312.html
Django2.0+小程序技术打造微信小程序助手,后端开发,咚咚呛,中级,247,10.00分,"
								￥266.00
							",13小时,https://coding.imooc.com//class/311.html
Hadoop基础与电商行为日志分析   新手入门大数据,后端开发,Michael__PK,中级,323,9.96分,"
								￥288.00
							",15小时,https://coding.imooc.com//class/301.html
基于SpringCloud微服务架构  广告系统设计与实现,后端开发,张勤一,中级,496,9.95分,"
								￥299.00
							",17小时30分钟,https://coding.imooc.com//class/310.html
RocketMQ核心技术精讲与高并发抗压实战,后端开发,阿神_,中级,275,9.87分,"
								￥399.00
							",18小时,https://coding.imooc.com//class/292.html
Go语言实战抽奖系统,后端开发,一凡Sir,中级,218,10.00分,"
								￥299.00
							",14小时,https://coding.imooc.com//class/295.html
学习Hyperledger Fabric   实战联盟链,后端开发,自游蜗牛,高级,298,9.64分,"
								￥266.00
							", 9小时,https://coding.imooc.com//class/268.html
EasySwoole+ElasticSearch打造高性能小视频服务系统,后端开发,singwa,中级,248,10.00分,"
								￥348.00
							",15小时,https://coding.imooc.com//class/287.html
java设计模式精讲  Debug 方式+内存分析 ,后端开发,Geely,中级,1410,9.97分,"
								￥299.00
							",15小时25分钟,https://coding.imooc.com//class/270.html
Python flask构建微信小程序订餐系统,后端开发,编程浪子,中级,497,8.59分,"
								￥348.00
							",17小时,https://coding.imooc.com//class/265.html
DevOps理论+实践之路,后端开发,Andrew,高级,225,9.67分,"
								￥168.00
							", 7小时11分钟,https://coding.imooc.com//class/266.html
XSS跨站漏洞 加强Web安全,后端开发,idaxia,初级,129,10.00分,"
								￥128.00
							", 5小时30分钟,https://coding.imooc.com//class/242.html
最火Python3 玩转实用小工具,后端开发,NavCat,初级,504,9.83分,"
								￥166.00
							", 8小时,https://coding.imooc.com//class/240.html
selenium3.0平台级自动化测试框架综合实战,后端开发,风落几番,高级,163,8.86分,"
								￥248.00
							", 8小时,https://coding.imooc.com//class/238.html
SpringBoot 仿抖音短视频小程序开发 全栈式实战项目,后端开发,风间影月,中级,1203,10.00分,"
								￥348.00
							",17小时,https://coding.imooc.com//class/217.html
Python高级编程和异步IO并发编程,后端开发,bobby,高级,730,9.48分,"
								￥399.00
							",18小时,https://coding.imooc.com//class/200.html
Java并发编程高阶技术-高性能并发框架源码解析与实战,后端开发,阿神_,高级,629,9.83分,"
								￥299.00
							",13小时33分钟,https://coding.imooc.com//class/275.html
Activiti6.0工作流引擎深度解析,后端开发,JimmyNo1,中级,488,9.89分,"
								￥399.00
							",18小时,https://coding.imooc.com//class/226.html
分布式事务实践 解决数据一致性,后端开发,大漠风,高级,630,9.69分,"
								￥348.00
							",14小时,https://coding.imooc.com//class/237.html
Java并发编程入门与高并发面试,后端开发,Jimin,初级,3009,9.71分,"
								￥299.00
							",12小时30分钟,https://coding.imooc.com//class/195.html
HBase+SpringBoot实战分布式文件存储,后端开发,叁金,中级,282,10.00分,"
								￥288.00
							",12小时,https://coding.imooc.com//class/205.html
Python Flask高级编程,后端开发,7七月,中级,1302,9.95分,"
								￥399.00
							",19小时38分钟,https://coding.imooc.com//class/194.html
从原理到场景 系统讲解 PHP 缓存技术,后端开发,WiconWang,中级,221,8.85分,"
								￥188.00
							", 8小时,https://coding.imooc.com//class/216.html
 Python Flask高级编程（下篇）,后端开发,7七月,中级,833,10.00分,"
								￥148.00
							", 6小时25分钟,https://coding.imooc.com//class/220.html
Java生产环境下性能监控与调优详解,后端开发,若鱼1919,中级,1116,9.86分,"
								￥188.00
							", 7小时15分钟,https://coding.imooc.com//class/241.html
面面俱到的Java接口自动化测试实战,后端开发,大周16,中级,740,9.71分,"
								￥266.00
							",13小时30分钟,https://coding.imooc.com//class/204.html
IT段子手详解MyBatis遇到Spring 秒学Java SSM开发大众点评,后端开发,源生活,中级,961,9.02分,"
								￥248.00
							",12小时,https://coding.imooc.com//class/105.html
Web自动化测试  Selenium基础到企业应用,后端开发,Mushishi_Xu,中级,1178,9.73分,"
								￥266.00
							",15小时38分钟,https://coding.imooc.com//class/118.html
Tomcat+Memcached/Redis集群 构建高可用解决方案,后端开发,Allen,中级,183,10.00分,"
								￥266.00
							",13小时30分钟,https://coding.imooc.com//class/186.html
基于Python玩转人工智能框架 TensorFlow应用实践,后端开发,Oscar老师,中级,1873,9.11分,"
								￥299.00
							",15小时,https://coding.imooc.com//class/176.html
应用Dubbo框架打造仿猫眼项目 理解微服务核心思想,后端开发,Allen,中级,610,9.79分,"
								￥366.00
							",25小时,https://coding.imooc.com//class/273.html
Google面试官亲授- Java面试新手尊享课,后端开发,ccmouse,中级,1837,9.82分,"
								￥299.00
							",18小时,https://coding.imooc.com//class/132.html
Python3数据分析与挖掘建模实战,后端开发,途索,中级,798,9.13分,"
								￥299.00
							",12小时12分钟,https://coding.imooc.com//class/185.html
Netty/Springboot仿微信聊天全栈实战 从0开发到上线部署,后端开发,风间影月,中级,572,9.98分,"
								￥348.00
							",16小时10分钟,https://coding.imooc.com//class/261.html
Google资深工程师深度讲解Go语言,后端开发,ccmouse,中级,2149,9.89分,"
								￥399.00
							",20小时,https://coding.imooc.com//class/180.html
Python移动自动化测试面试,后端开发,IAMTESTER,中级,495,9.84分,"
								￥299.00
							",14小时,https://coding.imooc.com//class/182.html
毕设利器 SSM到Spring Boot 从零开发校园商铺平台,后端开发,xiangzepro,初级,2058,9.91分,"
								￥299.00
							",23小时,https://coding.imooc.com//class/144.html
韩天峰力荐 Swoole入门到实战打造高性能赛事直播平台,后端开发,singwa,中级,1471,9.90分,"
								￥299.00
							",12小时,https://coding.imooc.com//class/197.html
高性能的 PHP API 接口开发,后端开发,Pangee,中级,1005,9.60分,"
								￥188.00
							", 9小时30分钟,https://coding.imooc.com//class/122.html
全面系统 Python3入门+进阶课程 更快上手实际开发,后端开发,7七月,初级,7980,9.84分,"
								￥366.00
							",20小时,https://coding.imooc.com//class/136.html
Thinkphp 5.0 仿百度糯米开发多商家电商平台,后端开发,singwa,中级,2099,9.69分,"
								￥189.00
							",16小时,https://coding.imooc.com//class/85.html
SpringBoot开发理财产品系统,后端开发,skyding,高级,258,9.18分,"
								￥299.00
							",12小时40分钟,https://coding.imooc.com//class/211.html
Python+Django+Ansible Playbook自动化运维项目实战,后端开发,Jeson老师,中级,500,9.36分,"
								￥388.00
							",15小时,https://coding.imooc.com//class/160.html
FFmpeg音视频核心技术精讲与实战,后端开发,音视频_李超,中级,460,10.00分,"
								￥299.00
							",17小时,https://coding.imooc.com//class/279.html
基于Storm构建实时热力分布项目实战,后端开发,Michael__PK,中级,286,10.00分,"
								￥388.00
							",15小时,https://coding.imooc.com//class/172.html
Java企业级电商项目架构演进之路  Tomcat集群与Redis分布式,后端开发,Geely,高级,1974,10.00分,"
								￥399.00
							",16小时50分钟,https://coding.imooc.com//class/162.html
Python 爬虫工程师必学 App数据抓取实战,后端开发,大壮老师,中级,463,9.60分,"
								￥299.00
							",13小时,https://coding.imooc.com//class/283.html
Python升级3.6 强力Django+杀手级Xadmin打造在线教育平台,后端开发,bobby,中级,3486,9.81分,"
								￥369.00
							",26小时,https://coding.imooc.com//class/78.html
玩转数据结构 从入门到进阶,后端开发,liuyubobobo,中级,3468,9.99分,"
								￥299.00
							",18小时10分钟,https://coding.imooc.com//class/207.html
Yii 2.0开发一个仿京东商城平台,后端开发,Jason李捷,中级,1520,9.53分,"
								￥268.00
							",13小时,https://coding.imooc.com//class/57.html
看的见的算法 7个经典应用诠释算法精髓,后端开发,liuyubobobo,中级,1036,10.00分,"
								￥248.00
							",17小时,https://coding.imooc.com//class/138.html
基于Golang协程实现流量统计系统,后端开发,Pangee,高级,336,8.56分,"
								￥148.00
							", 6小时,https://coding.imooc.com//class/192.html
Python3入门机器学习 经典算法与应用,后端开发,liuyubobobo,中级,2373,10.00分,"
								￥499.00
							",25小时,https://coding.imooc.com//class/169.html
从0开始 独立完成企业级Java电商网站开发（服务端）,后端开发,Geely,中级,6920,9.86分,"
								￥348.00
							",20小时,https://coding.imooc.com//class/96.html
PHP秒杀系统  高并发高性能的极致挑战,后端开发,一凡Sir,高级,474,8.67分,"
								￥348.00
							",17小时,https://coding.imooc.com//class/148.html
Go语言实战流媒体视频网站,后端开发,艾文西,中级,496,9.64分,"
								￥266.00
							",10小时30分钟,https://coding.imooc.com//class/227.html
JAVA分布式优惠券系统后台 手把手实战开发,后端开发,张勤一,中级,376,9.57分,"
								￥299.00
							",12小时30分钟,https://coding.imooc.com//class/254.html
Java SSM快速开发仿慕课网在线教育平台,后端开发,qicong88,中级,813,8.94分,"
								￥288.00
							",14小时45分钟,https://coding.imooc.com//class/110.html
微信小程序商城构建全栈应用,后端开发,7七月,中级,3235,9.93分,"
								￥388.00
							",23小时39分钟,https://coding.imooc.com//class/97.html
Java读源码之Netty深入剖析,后端开发,闪电侠,高级,1111,9.92分,"
								￥299.00
							",11小时30分钟,https://coding.imooc.com//class/230.html
RabbitMQ消息中间件技术精讲,后端开发,阿神_,中级,647,10.00分,"
								￥348.00
							",14小时,https://coding.imooc.com//class/262.html
Java从单体到微服务打造房产销售平台,后端开发,格_鲁,中级,536,9.43分,"
								￥366.00
							",20小时,https://coding.imooc.com//class/174.html
微信服务号+Yii 2.0构建商城系统全栈应用,后端开发,编程浪子,中级,641,9.79分,"
								￥248.00
							",18小时30分钟,https://coding.imooc.com//class/102.html
2019最新升级 微服务时代Spring Boot 企业微信点餐系统,后端开发,廖师兄,中级,3718,9.77分,"
								￥348.00
							",17小时,https://coding.imooc.com//class/117.html
PHP开发高可用高安全App后端,后端开发,singwa,中级,884,9.81分,"
								￥266.00
							",16小时30分钟,https://coding.imooc.com//class/135.html
Socket网络编程进阶与实战,后端开发,Qiujuer,中级,1073,9.89分,"
								￥348.00
							",21小时,https://coding.imooc.com//class/286.html
从天气项目入门 Spring Cloud 微服务治理,后端开发,老卫,中级,341,9.70分,"
								￥299.00
							",12小时,https://coding.imooc.com//class/177.html
Python主讲移动端自动化测试框架Appium 从基础到项目实战,后端开发,Mushishi_Xu,中级,747,9.92分,"
								￥266.00
							",12小时36分钟,https://coding.imooc.com//class/193.html
Spring Cloud微服务实战,后端开发,廖师兄,高级,3375,9.75分,"
								￥366.00
							",14小时30分钟,https://coding.imooc.com//class/187.html
Spark Streaming实时流处理项目实战 ,后端开发,Michael__PK,中级,845,9.11分,"
								￥388.00
							",15小时,https://coding.imooc.com//class/153.html
Python接口自动化测试框架实战,后端开发,Mushishi_Xu,中级,1271,9.59分,"
								￥299.00
							",12小时,https://coding.imooc.com//class/155.html
Go语言开发分布式任务调度 轻松搞定高性能Crontab ,后端开发,小鱼儿老师,中级,393,10.00分,"
								￥299.00
							",13小时,https://coding.imooc.com//class/281.html
Java开发企业级权限管理系统,后端开发,Jimin,中级,1404,9.76分,"
								￥388.00
							",19小时,https://coding.imooc.com//class/149.html
ZooKeeper分布式专题与Dubbo微服务入门,后端开发,风间影月,中级,1174,9.91分,"
								￥199.00
							",10小时,https://coding.imooc.com//class/201.html
聚焦Python分布式爬虫必学框架Scrapy 打造搜索引擎,后端开发,bobby,中级,3465,9.72分,"
								￥388.00
							",23小时,https://coding.imooc.com//class/92.html
Python3实用编程技巧进阶,后端开发,程序员硕,中级,655,9.71分,"
								￥266.00
							",18小时50分钟,https://coding.imooc.com//class/213.html
基于Spring Boot技术栈博客系统企业级前后端实战,后端开发,老卫,中级,1066,8.97分,"
								￥348.00
							",15小时,https://coding.imooc.com//class/125.html
Java秒杀系统方案优化 高性能高并发实战,后端开发,若鱼1919,中级,1263,9.76分,"
								￥288.00
							",14小时30分钟,https://coding.imooc.com//class/168.html
Spring Boot 2.0深度实践之核心技术篇,后端开发,小马哥mercyblitz,高级,1383,9.85分,"
								￥366.00
							",17小时,https://coding.imooc.com//class/252.html
Laravel  快速开发简书,后端开发,轩脉刃,中级,1049,9.48分,"
								￥199.00
							",14小时30分钟,https://coding.imooc.com//class/111.html
Python操作三大主流数据库,后端开发,NavCat,初级,1315,9.70分,"
								￥168.00
							",10小时,https://coding.imooc.com//class/114.html
Python前后端分离开发Vue+Django REST framework实战,后端开发,bobby,中级,1380,9.87分,"
								￥388.00
							",23小时,https://coding.imooc.com//class/131.html
Python数据分析入门与实践,后端开发,麦兜搞IT,初级,562,8.85分,"
								￥248.00
							", 9小时,https://coding.imooc.com//class/156.html
Spring Security技术栈开发企业级认证与授权,后端开发,JoJozhai,高级,1717,9.82分,"
								￥366.00
							",19小时,https://coding.imooc.com//class/134.html
学习算法思想，修炼编程内功,后端开发,liuyubobobo,中级,7806,9.97分,"
								￥166.00
							",13小时35分钟,https://coding.imooc.com//class/71.html
玩转算法面试 从真题到思维全面提升算法思维,后端开发,liuyubobobo,中级,3696,10.00分,"
								￥266.00
							",18小时10分钟,https://coding.imooc.com//class/82.html
BAT大牛亲授 基于ElasticSearch的搜房网实战 ,后端开发,瓦力老师,高级,577,9.09分,"
								￥348.00
							",15小时,https://coding.imooc.com//class/167.html
Yii 2.0进阶版 高级组件 ES/Redis/ Sentry 优化京东平台,后端开发,Jason李捷,高级,496,9.98分,"
								￥349.00
							",18小时50分钟,https://coding.imooc.com//class/90.html
快速上手Ionic3 多平台开发企业级问答社区,移动开发,ParryKK,中级,537,9.63分,"
								￥299.00
							",20小时,https://coding.imooc.com//class/163.html
 面试提升必备   全面解析  iOS  中的 Runtime机制,移动开发,逆风i,高级,73,10.00分,"
								￥366.00
							",17小时30分钟,https://coding.imooc.com//class/300.html
基于 GitHub App 业务深度讲解 Kotlin1.2高级特性与框架设计,移动开发,bennyhuo,中级,226,9.93分,"
								￥266.00
							",12小时30分钟,https://coding.imooc.com//class/232.html
Top团队大牛带你玩转Android性能分析与优化,移动开发,随风绽放,高级,339,9.54分,"
								￥288.00
							",15小时,https://coding.imooc.com//class/308.html
Flutter从入门到进阶-实战携程网App,移动开发,CrazyCodeBoy,中级,461,10.00分,"
									原价￥348.00
								",18小时,https://coding.imooc.com//class/321.html
Gradle3.0自动化项目构建技术精讲+实战,移动开发,qndroid,中级,408,10.00分,"
								￥199.00
							",12小时,https://coding.imooc.com//class/206.html
大厂资深面试官 带你破解Android高级面试,移动开发,bennyhuo,高级,236,10.00分,"
								￥299.00
							",13小时,https://coding.imooc.com//class/317.html
FFmpeg音视频核心技术精讲与实战,移动开发,音视频_李超,中级,460,10.00分,"
								￥299.00
							",17小时,https://coding.imooc.com//class/279.html
Socket网络编程进阶与实战,移动开发,Qiujuer,中级,1073,9.89分,"
								￥348.00
							",21小时,https://coding.imooc.com//class/286.html
新版React Native+Redux打造高质量上线App,移动开发,CrazyCodeBoy,中级,567,9.94分,"
								￥399.00
							",20小时,https://coding.imooc.com//class/304.html
新浪微博资深大牛全方位剖析 iOS 高级面试,移动开发,于海,高级,839,9.80分,"
								￥366.00
							",15小时,https://coding.imooc.com//class/202.html
Kotlin打造完整电商APP 模块化+MVP+主流框架,移动开发,雷宇_,中级,679,9.93分,"
								￥348.00
							",19小时10分钟,https://coding.imooc.com//class/166.html
Android应用发展趋势必备武器  热修复与插件化  ,移动开发,qndroid,中级,647,9.95分,"
								￥248.00
							",10小时23分钟,https://coding.imooc.com//class/106.html
全新升级 Kotlin系统入门与进阶,移动开发,bennyhuo,初级,2589,9.76分,"
								￥188.00
							",17小时 5分钟,https://coding.imooc.com//class/108.html
手把手开发一个完整即时通讯APP ,移动开发,Qiujuer,中级,1081,9.94分,"
								￥466.00
							",36小时55分钟,https://coding.imooc.com//class/100.html
360大牛带你横扫PHP职场 全面解读PHP面试,后端开发,Jason李捷,中级,1356,9.86分,"
								￥266.00
							",14小时30分钟,https://coding.imooc.com//class/133.html
Android通用框架设计与完整电商APP开发,移动开发,傅猿猿,高级,1736,9.77分,"
								￥348.00
							",24小时,https://coding.imooc.com//class/116.html
组件化封装思想实战Android App,移动开发,qndroid,中级,1332,9.77分,"
								￥269.00
							",12小时14分钟,https://coding.imooc.com//class/84.html
中小型企业通用自动化运维架构,后端开发,七寸法师,中级,275,9.13分,"
								￥199.00
							", 8小时30分钟,https://coding.imooc.com//class/239.html
剑指Java面试-Offer直通车,算法&数学,xiangzepro,中级,2376,9.81分,"
								￥299.00
							",16小时16分钟,https://coding.imooc.com//class/303.html
BAT大牛亲授--个性化推荐算法实战,算法&数学,david_beck,中级,232,10.00分,"
								￥399.00
							",12小时 6分钟,https://coding.imooc.com//class/297.html
Python服务端工程师就业面试指导,算法&数学,pegasuswang,中级,178,10.00分,"
								￥288.00
							",12小时25分钟,https://coding.imooc.com//class/318.html
玩转数据结构 从入门到进阶,算法&数学,liuyubobobo,中级,3468,9.99分,"
								￥299.00
							",18小时10分钟,https://coding.imooc.com//class/207.html
JavaScript版 数据结构与算法,算法&数学,快乐动起来呀,中级,992,9.88分,"
								￥266.00
							",14小时,https://coding.imooc.com//class/315.html
Python3入门机器学习 经典算法与应用,算法&数学,liuyubobobo,中级,2373,10.00分,"
								￥499.00
							",25小时,https://coding.imooc.com//class/169.html
高等数学-学习算法/人工智能/大数据的第一步,算法&数学,北极小琪,初级,700,9.03分,"
								￥266.00
							",12小时,https://coding.imooc.com//class/289.html
专为程序员设计的线性代数课程,算法&数学,liuyubobobo,初级,1261,10.00分,"
								￥348.00
							",23小时23分钟,https://coding.imooc.com//class/260.html
玩转算法面试 从真题到思维全面提升算法思维,算法&数学,liuyubobobo,中级,3696,10.00分,"
								￥266.00
							",18小时10分钟,https://coding.imooc.com//class/82.html
看的见的算法 7个经典应用诠释算法精髓,算法&数学,liuyubobobo,中级,1036,10.00分,"
								￥248.00
							",17小时,https://coding.imooc.com//class/138.html
学习算法思想，修炼编程内功,算法&数学,liuyubobobo,中级,7806,9.97分,"
								￥166.00
							",13小时35分钟,https://coding.imooc.com//class/71.html
Tornado从入门到进阶 打造支持高并发的技术论坛,后端开发,bobby,中级,227,9.43分,"
								￥388.00
							",18小时,https://coding.imooc.com//class/290.html
SpringBoot2.0不容错过的新特性 WebFlux响应式编程,后端开发,晓风轻,中级,513,10.00分,"
								￥128.00
							", 6小时30分钟,https://coding.imooc.com//class/209.html
BAT大牛亲授--个性化推荐算法实战,前沿技术,david_beck,中级,232,10.00分,"
								￥399.00
							",12小时 6分钟,https://coding.imooc.com//class/297.html
深度学习之目标检测常用算法原理+实践精讲,前沿技术,会写代码的好厨师,高级,187,10.00分,"
								￥499.00
							",19小时,https://coding.imooc.com//class/298.html
学习Hyperledger Fabric   实战联盟链,前沿技术,自游蜗牛,高级,298,9.64分,"
								￥266.00
							", 9小时,https://coding.imooc.com//class/268.html
深度学习之神经网络（CNN/RNN/GAN）算法原理+实战,前沿技术,正十七_卢云,中级,914,10.00分,"
								￥466.00
							",22小时30分钟,https://coding.imooc.com//class/259.html
分布式事务实践 解决数据一致性,前沿技术,大漠风,高级,630,9.69分,"
								￥348.00
							",14小时,https://coding.imooc.com//class/237.html
NLP 实践 TensorFlow 打造聊天机器人,前沿技术,Mr_Ricky,中级,535,9.69分,"
								￥348.00
							",15小时,https://coding.imooc.com//class/267.html
掌握Spark机器学习库 大数据开发技能更进一步,前沿技术,Wotchin,中级,239,8.67分,"
								￥199.00
							", 9小时30分钟,https://coding.imooc.com//class/271.html
应用Dubbo框架打造仿猫眼项目 理解微服务核心思想,前沿技术,Allen,中级,610,9.79分,"
								￥366.00
							",25小时,https://coding.imooc.com//class/273.html
Nodejs + React 实战开发区块链慕课Dapp 专门为前端工程师设计,前沿技术,蜗牛老湿,中级,147,10.00分,"
								￥348.00
							",15小时,https://coding.imooc.com//class/294.html
基于SpringCloud微服务架构  广告系统设计与实现,前沿技术,张勤一,中级,496,9.95分,"
								￥299.00
							",17小时30分钟,https://coding.imooc.com//class/310.html
从天气项目入门 Spring Cloud 微服务治理,前沿技术,老卫,中级,341,9.70分,"
								￥299.00
							",12小时,https://coding.imooc.com//class/177.html
Java从单体到微服务打造房产销售平台,前沿技术,格_鲁,中级,536,9.43分,"
								￥366.00
							",20小时,https://coding.imooc.com//class/174.html
Python数据分析入门与实践,前沿技术,麦兜搞IT,初级,562,8.85分,"
								￥248.00
							", 9小时,https://coding.imooc.com//class/156.html
OpenCV+TensorFlow 入门人工智能图像处理,前沿技术,Jones__,中级,617,8.27分,"
								￥299.00
							",14小时,https://coding.imooc.com//class/191.html
Python3数据分析与挖掘建模实战,前沿技术,途索,中级,798,9.13分,"
								￥299.00
							",12小时12分钟,https://coding.imooc.com//class/185.html
区块链入门与去中心化应用实战,前沿技术,Tiny熊,初级,791,9.74分,"
								￥199.00
							", 8小时,https://coding.imooc.com//class/214.html
Docker+Kubernetes(k8s)微服务容器化实践,前沿技术,刘果国,高级,1012,10.00分,"
								￥366.00
							",15小时,https://coding.imooc.com//class/198.html
Elastic Stack从入门到实践,前沿技术,rockybean,中级,519,8.37分,"
								￥348.00
							",14小时,https://coding.imooc.com//class/181.html
Spring Cloud微服务实战,前沿技术,廖师兄,高级,3375,9.75分,"
								￥366.00
							",14小时30分钟,https://coding.imooc.com//class/187.html
ZooKeeper分布式专题与Dubbo微服务入门,前沿技术,风间影月,中级,1174,9.91分,"
								￥199.00
							",10小时,https://coding.imooc.com//class/201.html
Python3入门机器学习 经典算法与应用,前沿技术,liuyubobobo,中级,2373,10.00分,"
								￥499.00
							",25小时,https://coding.imooc.com//class/169.html
基于Python玩转人工智能框架 TensorFlow应用实践,前沿技术,Oscar老师,中级,1873,9.11分,"
								￥299.00
							",15小时,https://coding.imooc.com//class/176.html
玩转MongoDB4.0（最新版） 从入门到实践,云计算&大数据,Stannum,入门,7,10.00分,"
									原价￥288.00
								",13小时,https://coding.imooc.com//class/324.html
DevOps理论+实践之路,云计算&大数据,Andrew,高级,225,9.67分,"
								￥168.00
							", 7小时11分钟,https://coding.imooc.com//class/266.html
JAVA分布式优惠券系统后台 手把手实战开发,云计算&大数据,张勤一,中级,376,9.57分,"
								￥299.00
							",12小时30分钟,https://coding.imooc.com//class/254.html
新一代大数据计算引擎  Flink从入门到实战,云计算&大数据,Michael__PK,入门,74,10.00分,"
									原价￥388.00
								",15小时,https://coding.imooc.com//class/322.html
Go实战仿百度云盘   实现企业级分布式云存储系统,云计算&大数据,xiaomo,中级,104,10.00分,"
									原价￥348.00
								",13小时30分钟,https://coding.imooc.com//class/323.html
Python3实战Spark大数据分析及调度,云计算&大数据,Michael__PK,中级,330,10.00分,"
								￥366.00
							",15小时,https://coding.imooc.com//class/249.html
Kubernetes实战 高可用集群搭建，配置，运维与应用,云计算&大数据,tonybai_cn,中级,296,9.53分,"
								￥199.00
							", 7小时 1分钟,https://coding.imooc.com//class/284.html
Hadoop基础与电商行为日志分析   新手入门大数据,云计算&大数据,Michael__PK,中级,323,9.96分,"
								￥288.00
							",15小时,https://coding.imooc.com//class/301.html
学习Scala 进击大数据Spark生态圈,云计算&大数据,Michael__PK,中级,394,9.92分,"
								￥188.00
							", 7小时30分钟,https://coding.imooc.com//class/215.html
掌握Spark机器学习库 大数据开发技能更进一步,云计算&大数据,Wotchin,中级,239,8.67分,"
								￥199.00
							", 9小时30分钟,https://coding.imooc.com//class/271.html
Docker+Kubernetes(k8s)微服务容器化实践,云计算&大数据,刘果国,高级,1012,10.00分,"
								￥366.00
							",15小时,https://coding.imooc.com//class/198.html
Docker环境下的前后端分离项目部署与运维,云计算&大数据,神思者l,中级,740,10.00分,"
								￥148.00
							", 7小时30分钟,https://coding.imooc.com//class/219.html
Go语言实战流媒体视频网站,云计算&大数据,艾文西,中级,496,9.64分,"
								￥266.00
							",10小时30分钟,https://coding.imooc.com//class/227.html
基于Storm构建实时热力分布项目实战,云计算&大数据,Michael__PK,中级,286,10.00分,"
								￥388.00
							",15小时,https://coding.imooc.com//class/172.html
HBase+SpringBoot实战分布式文件存储,云计算&大数据,叁金,中级,282,10.00分,"
								￥288.00
							",12小时,https://coding.imooc.com//class/205.html
Spark Streaming实时流处理项目实战 ,云计算&大数据,Michael__PK,中级,845,9.11分,"
								￥388.00
							",15小时,https://coding.imooc.com//class/153.html
Elastic Stack从入门到实践,云计算&大数据,rockybean,中级,519,8.37分,"
								￥348.00
							",14小时,https://coding.imooc.com//class/181.html
系统学习Docker 践行DevOps理念,云计算&大数据,麦兜搞IT,中级,1296,9.67分,"
								￥299.00
							",15小时,https://coding.imooc.com//class/189.html
BAT大牛亲授 基于ElasticSearch的搜房网实战 ,云计算&大数据,瓦力老师,高级,577,9.09分,"
								￥348.00
							",15小时,https://coding.imooc.com//class/167.html
以慕课网日志分析为例  进入大数据 Spark SQL 的世界,云计算&大数据,Michael__PK,中级,1372,9.82分,"
								￥366.00
							",18小时,https://coding.imooc.com//class/112.html
阿里大牛亲授  阿里云主机(ECS)与CentOS7实战,云计算&大数据,Jeson老师,中级,252,10.00分,"
								￥288.00
							",10小时40分钟,https://coding.imooc.com//class/223.html
百度资深工程师 全方位讲解测试面试,运维&测试,大周16,中级,161,10.00分,"
								￥199.00
							",10小时30分钟,https://coding.imooc.com//class/319.html
LoadRunner性能测试实战训练营,运维&测试,风落几番,中级,109,10.00分,"
								￥299.00
							",16小时10分钟,https://coding.imooc.com//class/305.html
企业级开源四层负载均衡解决方案--LVS,运维&测试,酷田,中级,153,10.00分,"
								￥199.00
							",10小时30分钟,https://coding.imooc.com//class/278.html
Go语言开发分布式任务调度 轻松搞定高性能Crontab ,运维&测试,小鱼儿老师,中级,393,10.00分,"
								￥299.00
							",13小时,https://coding.imooc.com//class/281.html
DevOps理论+实践之路,运维&测试,Andrew,高级,225,9.67分,"
								￥168.00
							", 7小时11分钟,https://coding.imooc.com//class/266.html
主流技术栈的Restful API接口测试实战,运维&测试,城下秋草,中级,99,8.80分,"
								￥266.00
							",11小时10分钟,https://coding.imooc.com//class/288.html
中小型企业通用自动化运维架构,运维&测试,七寸法师,中级,275,9.13分,"
								￥199.00
							", 8小时30分钟,https://coding.imooc.com//class/239.html
跟着360架构师 学习Shell脚本编程 ,运维&测试,酷田,中级,397,10.00分,"
								￥366.00
							",18小时,https://coding.imooc.com//class/314.html
功能测试转型必备课程   零基础入门Web自动化测试,运维&测试,Mushishi_Xu,初级,92,8.80分,"
								￥288.00
							",15小时20分钟,https://coding.imooc.com//class/299.html
TestNG测试框架入门到实战,运维&测试,i夏天i,中级,153,10.00分,"
								￥199.00
							", 9小时30分钟,https://coding.imooc.com//class/231.html
小白福音， 零基础入门软件测试 首选必备课程,运维&测试,风落几番,入门,509,9.40分,"
								￥266.00
							",16小时10分钟,https://coding.imooc.com//class/277.html
Jenkins+Ansible+Gitlab自动化部署三剑客,运维&测试,一路向北1985,中级,449,9.80分,"
								￥166.00
							", 7小时30分钟,https://coding.imooc.com//class/253.html
Selenium3与Python3实战Web自动化测试框架,运维&测试,Mushishi_Xu,中级,411,10.00分,"
								￥288.00
							",13小时30分钟,https://coding.imooc.com//class/269.html
selenium3.0平台级自动化测试框架综合实战,运维&测试,风落几番,高级,163,8.86分,"
								￥248.00
							", 8小时,https://coding.imooc.com//class/238.html
Android自动化测试实战 Java篇   主流工具 框架 脚本,运维&测试,城下秋草,初级,1129,9.67分,"
								￥179.00
							", 8小时45分钟,https://coding.imooc.com//class/77.html
性能测试入门-Jmeter工具与监控全方位打造,运维&测试,大周16,中级,811,9.25分,"
								￥248.00
							",11小时,https://coding.imooc.com//class/142.html
Python移动自动化测试面试,运维&测试,IAMTESTER,中级,495,9.84分,"
								￥299.00
							",14小时,https://coding.imooc.com//class/182.html
面面俱到的Java接口自动化测试实战,运维&测试,大周16,中级,740,9.71分,"
								￥266.00
							",13小时30分钟,https://coding.imooc.com//class/204.html
快速上手Linux 玩转典型应用,运维&测试,编程浪子,中级,1422,9.88分,"
								￥199.00
							",10小时,https://coding.imooc.com//class/154.html
Docker环境下的前后端分离项目部署与运维,运维&测试,神思者l,中级,740,10.00分,"
								￥148.00
							", 7小时30分钟,https://coding.imooc.com//class/219.html
Python+Django+Ansible Playbook自动化运维项目实战,运维&测试,Jeson老师,中级,500,9.36分,"
								￥388.00
							",15小时,https://coding.imooc.com//class/160.html
Python接口自动化测试框架实战,运维&测试,Mushishi_Xu,中级,1271,9.59分,"
								￥299.00
							",12小时,https://coding.imooc.com//class/155.html
阿里大牛亲授  阿里云主机(ECS)与CentOS7实战,运维&测试,Jeson老师,中级,252,10.00分,"
								￥288.00
							",10小时40分钟,https://coding.imooc.com//class/223.html
Web自动化测试  Selenium基础到企业应用,运维&测试,Mushishi_Xu,中级,1178,9.73分,"
								￥266.00
							",15小时38分钟,https://coding.imooc.com//class/118.html
Nginx入门到实践 Nginx 中间件,运维&测试,Jeson老师,高级,2894,9.56分,"
								￥266.00
							",14小时,https://coding.imooc.com//class/121.html
Python主讲移动端自动化测试框架Appium 从基础到项目实战,运维&测试,Mushishi_Xu,中级,747,9.92分,"
								￥266.00
							",12小时36分钟,https://coding.imooc.com//class/193.html
Go语言开发分布式任务调度 轻松搞定高性能Crontab ,数据库,小鱼儿老师,中级,393,10.00分,"
								￥299.00
							",13小时,https://coding.imooc.com//class/281.html
Tomcat+Memcached/Redis集群 构建高可用解决方案,数据库,Allen,中级,183,10.00分,"
								￥266.00
							",13小时30分钟,https://coding.imooc.com//class/186.html
一站式学习Redis  从入门到高可用分布式实践,数据库,carlosfu,中级,1102,9.62分,"
								￥348.00
							",16小时,https://coding.imooc.com//class/151.html
Go实战仿百度云盘   实现企业级分布式云存储系统,数据库,xiaomo,中级,104,10.00分,"
									原价￥348.00
								",13小时30分钟,https://coding.imooc.com//class/323.html
玩转MongoDB4.0（最新版） 从入门到实践,数据库,Stannum,入门,7,10.00分,"
									原价￥288.00
								",13小时,https://coding.imooc.com//class/324.html
MySQL面试指南,数据库,sqlercn,中级,147,10.00分,"
								￥288.00
							",12小时,https://coding.imooc.com//class/296.html
MyCAT+MySQL 搭建高可用企业级数据库集群,数据库,sqlercn,中级,370,10.00分,"
								￥199.00
							", 9小时,https://coding.imooc.com//class/208.html
MySQL数据库集群-PXC方案,数据库,神思者l,中级,179,10.00分,"
								￥299.00
							",13小时,https://coding.imooc.com//class/274.html
剑指Java面试-Offer直通车,数据库,xiangzepro,中级,2376,9.81分,"
								￥299.00
							",16小时16分钟,https://coding.imooc.com//class/303.html
Python操作三大主流数据库,数据库,NavCat,初级,1315,9.70分,"
								￥168.00
							",10小时,https://coding.imooc.com//class/114.html
高性能可扩展MySQL数据库设计及架构优化 电商项目,数据库,sqlercn,中级,729,9.15分,"
								￥249.00
							", 8小时10分钟,https://coding.imooc.com//class/79.html
MySQL提升课程 全面讲解MySQL架构设计,数据库,sqlercn,中级,2641,9.89分,"
								￥199.00
							",14小时40分钟,https://coding.imooc.com//class/49.html
App界面设计利器Sketch  精选案例合集 ,UI设计&多媒体,Juess,中级,251,10.00分,"
								￥99.00
							", 8小时,https://coding.imooc.com//class/199.html
产品交互设计快速入门与实战,UI设计&多媒体,何云山,初级,413,9.91分,"
								￥199.00
							",14小时30分钟,https://coding.imooc.com//class/221.html
高薪设计师必修课 AE移动UI动效设计从入门到实战,UI设计&多媒体,墨染ART,中级,220,9.96分,"
								￥199.00
							", 8小时,https://coding.imooc.com//class/184.html
移动端App UI 设计入门与实战,UI设计&多媒体,何云山,中级,648,9.87分,"
								￥199.00
							",10小时,https://coding.imooc.com//class/159.html
